"Sample","Prediction"
"IHECRE00000013","0.0794715727568214"
"IHECRE00000017","0.0703973158444962"
