Sample,Prediction,Backscaled_prediction
IHECRE00000013,0.017092783,0.25331068
IHECRE00000017,0.020226581,0.3062818
