Sample,Prediction,Backscaled_prediction
IHECRE00000013,0.0794715727568214,1.85704135796849
IHECRE00000017,0.0703973158444962,1.53430495336298
